9780060000000,A. Manette Ansay,1994,Vinegar Hill,3.36
9780530000000,"A.A. Milne; Ernest H. Shepard",1926,"Winnie-the-Pooh (Winnie-the-Pooh; #1)",4.34
9780530000000,"A.A. Milne; Ernest H. Shepard",1928,"The House at Pooh Corner (Winnie-the-Pooh; #2)",4.36
9780530000000,"A.A. Milne; Ernest H. Shepard",1961,"The Complete Tales and Poems of Winnie-the-Pooh (Winnie-the-Pooh; #1-4)",4.49
9780525444470,"A.A. Milne, Ernest H. Shepard",1926,"The World of Winnie-the-Pooh (Winnie-the-Pooh, #1-2)",4.43
